"Time","Distance","GPS_Speed","GPS_Latitude","GPS_Longitude"

0.000,0.000,25.694942,42.068636908269,-84.237043487337,
0.100,0.004,26.085163,42.068639745425,-84.237057706767,
0.200,0.008,26.373480,42.068642075355,-84.237071978297,
0.300,0.012,26.554920,42.068643870131,-84.237086114885,
0.400,0.015,26.482840,42.068645123382,-84.237100077910,
0.500,0.019,26.149786,42.068645794657,-84.237114038428,
0.600,0.023,25.821703,42.068645128195,-84.237127348611,
0.700,0.027,25.573153,42.068644313096,-84.237140586534,
0.800,0.031,25.302237,42.068643497997,-84.237153824457,
0.900,0.034,24.946812,42.068642346304,-84.237166888074,
1.000,0.038,24.511852,42.068639287248,-84.237178963955,
1.100,0.041,24.076891,42.068636228192,-84.237191039837,
1.200,0.045,23.641933,42.068633169136,-84.237203115719,
1.300,0.048,23.341190,42.068629501511,-84.237214830958,
1.400,0.052,23.279051,42.068624802101,-84.237225901849,
1.500,0.055,23.261654,42.068619428746,-84.237236386903,
1.600,0.058,23.368528,42.068613364019,-84.237246412082,
1.700,0.062,23.644417,42.068606681291,-84.237255962825,
1.800,0.065,24.034639,42.068599418880,-84.237264898417,
1.900,0.069,24.345324,42.068591621466,-84.237273131613,
2.000,0.073,24.678379,42.068583242719,-84.237280675755,
2.100,0.076,25.051203,42.068574317404,-84.237287434846,
2.200,0.080,25.468763,42.068564984941,-84.237293550254,
2.300,0.084,25.943491,42.068555274023,-84.237299000906,
2.400,0.088,26.378450,42.068545210357,-84.237303757185,
2.500,0.092,26.813412,42.068534779131,-84.237307682250,
2.600,0.096,27.226002,42.068524002773,-84.237310680280,
2.700,0.100,27.598824,42.068512962342,-84.237312877789,
2.800,0.104,27.994015,42.068501683175,-84.237314274991,
2.900,0.108,28.361868,42.068490189127,-84.237314882335,
3.000,0.112,28.677525,42.068478473550,-84.237314623948,
3.100,0.116,29.134855,42.068466573150,-84.237313581821,
3.200,0.121,29.631952,42.068454530468,-84.237311984157,
3.300,0.125,30.106678,42.068442356803,-84.237309945475,
3.400,0.130,30.541639,42.068430062197,-84.237307586822,
3.500,0.134,30.954229,42.068417638389,-84.237305019560,
3.600,0.139,31.259943,42.068405094960,-84.237302499435,
3.700,0.143,31.446354,42.068392470095,-84.237300191769,
3.800,0.148,31.520920,42.068379785307,-84.237298242185,
3.900,0.152,31.374275,42.068367062277,-84.237296788182,
4.000,0.157,31.210234,42.068354319999,-84.237296047206,
4.100,0.162,31.141884,42.068341592085,-84.237296257130,
4.200,0.166,31.172951,42.068328881017,-84.237297326919,
4.300,0.171,31.304682,42.068316184108,-84.237299286141,
4.400,0.175,31.637737,42.068303493621,-84.237302146760,
4.500,0.180,32.077667,42.068290788972,-84.237306007065,
4.600,0.185,32.659271,42.068278021335,-84.237310844684,
4.700,0.190,33.347752,42.068265236950,-84.237316386334,
4.800,0.195,34.133163,42.068252339912,-84.237322582930,
4.900,0.200,34.878811,42.068239246299,-84.237329391823,
5.000,0.205,35.602085,42.068225977078,-84.237336749770,
5.100,0.210,36.285595,42.068212501489,-84.237344510012,
5.200,0.216,36.969105,42.068198853561,-84.237352481232,
5.300,0.221,37.518394,42.068185038529,-84.237360552412,
5.400,0.227,37.739601,42.068171062367,-84.237368617380,
5.500,0.232,37.824108,42.068156908379,-84.237376555270,
5.600,0.238,37.970753,42.068142570581,-84.237384206369,
5.700,0.244,38.045315,42.068128061785,-84.237391571193,
5.800,0.249,38.144737,42.068113356014,-84.237398628508,
5.900,0.255,38.641834,42.068098423690,-84.237405371809,
6.000,0.260,39.183670,42.068083190865,-84.237411785098,
6.100,0.266,39.894516,42.068067578709,-84.237417920971,
6.200,0.272,40.876282,42.068051622555,-84.237423878684,
6.300,0.278,41.945042,42.068035310690,-84.237429692677,
6.400,0.285,42.792595,42.068018637841,-84.237435395716,
6.500,0.291,43.622746,42.068001559454,-84.237441020492,
6.600,0.298,44.447926,42.067984097868,-84.237446591320,
6.700,0.304,45.171204,42.067966338256,-84.237452141672,
6.800,0.311,45.854710,42.067948301749,-84.237457686083,
6.900,0.318,46.515850,42.067930008073,-84.237463233516,
7.000,0.325,47.114849,42.067911440345,-84.237468781951,
7.100,0.332,47.674088,42.067892607180,-84.237474331130,
7.200,0.339,48.210953,42.067873555680,-84.237479842822,
7.300,0.346,48.708046,42.067854288639,-84.237485284220,
7.400,0.353,49.182774,42.067834806827,-84.237490621888,
7.500,0.360,49.617733,42.067815073937,-84.237495794641,
7.600,0.368,50.075066,42.067795089836,-84.237500748607,
7.700,0.375,50.572159,42.067774889053,-84.237505533051,
7.800,0.383,51.046890,42.067754478571,-84.237510186032,
7.900,0.390,51.526585,42.067733867147,-84.237514758602,
8.000,0.398,52.041080,42.067713032912,-84.237519330279,
8.100,0.405,52.498413,42.067692012680,-84.237524074536,
8.200,0.413,52.995506,42.067670867372,-84.237529043313,
8.300,0.421,53.358391,42.067649638598,-84.237534291801,
8.400,0.429,53.482662,42.067628372699,-84.237539858840,
8.500,0.437,53.517464,42.067607128961,-84.237545793372,
8.600,0.444,53.281338,42.067586028144,-84.237552048567,
8.700,0.452,52.756905,42.067565121312,-84.237558521245,
8.800,0.460,52.051025,42.067544473824,-84.237565161826,
8.900,0.467,51.193531,42.067524147956,-84.237571926786,
9.000,0.475,50.114834,42.067504258891,-84.237578803775,
9.100,0.482,48.996361,42.067484903973,-84.237585800133,
9.200,0.489,47.833157,42.067466029888,-84.237592936831,
9.300,0.496,46.679893,42.067447645672,-84.237600251993,
9.400,0.502,45.640957,42.067429754252,-84.237607790259,
9.500,0.509,44.589600,42.067412425224,-84.237615663059,
9.600,0.515,43.747021,42.067395621831,-84.237623897724,
9.700,0.522,43.108253,42.067379275491,-84.237632564275,
9.800,0.528,42.526646,42.067363363729,-84.237641669578,
9.900,0.534,41.950016,42.067347845525,-84.237651172078,
10.000,0.540,41.452915,42.067332688481,-84.237660991380,
10.100,0.546,40.978191,42.067318021934,-84.237671389514,
10.200,0.552,40.565598,42.067303395834,-84.237681482629,
10.300,0.558,40.192776,42.067288704403,-84.237691043401,
10.400,0.564,39.819954,42.067273930545,-84.237700032125,
10.500,0.570,39.469501,42.067259169009,-84.237708586502,
10.600,0.575,39.203552,42.067244079410,-84.237715512871,
10.700,0.581,39.017143,42.067228949263,-84.237722238027,
10.800,0.587,38.830730,42.067213819117,-84.237728963182,
10.900,0.592,38.823273,42.067198606029,-84.237735293403,
11.000,0.598,39.178696,42.067182883439,-84.237739197603,
11.100,0.604,39.613659,42.067167160849,-84.237743101802,
11.200,0.610,40.026249,42.067151438260,-84.237747006001,
11.300,0.616,40.421440,42.067135530368,-84.237750121715,
11.400,0.622,40.901138,42.067119288880,-84.237751837309,
11.500,0.628,41.415634,42.067102778558,-84.237752527985,
11.600,0.634,41.828224,42.067086043005,-84.237752283052,
11.700,0.640,42.268158,42.067069021421,-84.237751087765,
11.800,0.646,42.670803,42.067051840987,-84.237749065280,
11.900,0.653,42.772709,42.067034641945,-84.237746371322,
12.000,0.659,42.767738,42.067017459436,-84.237742989124,
12.100,0.665,42.598728,42.067000412770,-84.237739078140,
12.200,0.671,42.260700,42.066983566690,-84.237734907162,
12.300,0.677,41.718864,42.066966949219,-84.237730597020,
12.400,0.683,41.030384,42.066950580153,-84.237726272073,
12.500,0.689,40.200233,42.066934533844,-84.237722141350,
12.600,0.695,39.307941,42.066918844637,-84.237718517594,
12.700,0.701,38.308777,42.066903460163,-84.237715510382,
12.800,0.706,37.279789,42.066888380157,-84.237713264932,
12.900,0.711,36.432240,42.066873605140,-84.237711916204,
13.000,0.717,35.624454,42.066859186697,-84.237711750350,
13.100,0.722,34.861408,42.066845151175,-84.237712946237,
13.200,0.727,34.289749,42.066831464569,-84.237715341241,
13.300,0.732,33.849819,42.066818151480,-84.237718939371,
13.400,0.737,33.312954,42.066805233204,-84.237723713575,
13.500,0.741,32.838226,42.066792781376,-84.237729723600,
13.600,0.746,32.425636,42.066780802247,-84.237736757471,
13.700,0.751,32.008072,42.066769169378,-84.237744372399,
13.800,0.755,31.555716,42.066757814152,-84.237752305812,
13.900,0.760,31.138155,42.066746657554,-84.237760283360,
14.000,0.765,30.663427,42.066735609105,-84.237767928465,
14.100,0.769,30.295576,42.066724482297,-84.237774741526,
14.200,0.773,30.114134,42.066713186459,-84.237780618632,
14.300,0.778,30.119106,42.066701654768,-84.237785438412,
14.400,0.782,30.399967,42.066689833478,-84.237789130922,
14.500,0.787,30.981569,42.066677638123,-84.237791554998,
14.600,0.791,31.580570,42.066665065295,-84.237792893235,
14.700,0.796,32.206913,42.066652211013,-84.237793574438,
14.800,0.801,32.795975,42.066639122521,-84.237793851856,
14.900,0.806,33.084290,42.066625857427,-84.237793992094,
15.000,0.811,33.265728,42.066612488811,-84.237794343589,
15.100,0.816,33.216022,42.066599153184,-84.237795367762,
15.200,0.820,32.945103,42.066585954537,-84.237797205744,
15.300,0.825,32.612045,42.066572974909,-84.237799995623,
15.400,0.830,32.239223,42.066560287990,-84.237803838079,
15.500,0.835,31.888771,42.066548013075,-84.237808949442,
15.600,0.839,31.578085,42.066536232476,-84.237815313727,
15.700,0.844,31.245029,42.066524859781,-84.237822635813,
15.800,0.848,30.995239,42.066513866943,-84.237830802005,
15.900,0.853,30.964170,42.066503213824,-84.237839689117,
16.000,0.857,30.977840,42.066492872192,-84.237849234062,
16.100,0.862,31.071047,42.066482728275,-84.237859234255,
16.200,0.866,31.242546,42.066472686038,-84.237869477374,
16.300,0.871,31.396646,42.066462708440,-84.237879852615,
16.400,0.876,31.261187,42.066452769588,-84.237890252669,
16.500,0.880,31.105843,42.066442865137,-84.237900544510,
16.600,0.885,30.737991,42.066433034642,-84.237910516930,
16.700,0.889,29.880499,42.066423295533,-84.237920093856,
16.800,0.893,28.846539,42.066413674861,-84.237929159211,
16.900,0.897,27.695759,42.066404197221,-84.237937601275,
17.000,0.901,26.311344,42.066394904780,-84.237945205643,
17.100,0.905,25.118311,42.066385797262,-84.237951786525,
17.200,0.908,24.124117,42.066376840155,-84.237957432033,
17.300,0.912,23.152290,42.066368017559,-84.237962100593,
17.400,0.915,22.287342,42.066359312229,-84.237965764486,
17.500,0.918,21.631176,42.066350724231,-84.237968271824,
17.600,0.921,21.201185,42.066342233331,-84.237969645414,
17.700,0.924,20.935238,42.066333809233,-84.237970155362,
17.800,0.927,20.771196,42.066325443718,-84.237969912341,
17.900,0.930,20.680475,42.066317128941,-84.237969043931,
18.000,0.934,20.649406,42.066308859122,-84.237967658149,
18.100,0.937,20.607155,42.066300622391,-84.237966069632,
18.200,0.940,20.589758,42.066292409485,-84.237964525867,
18.300,0.943,20.584785,42.066284216563,-84.237963202677,
18.400,0.946,20.415771,42.066276043156,-84.237962266442,
18.500,0.949,20.189594,42.066267904290,-84.237961965221,
18.600,0.951,20.092659,42.066259814515,-84.237962519640,
18.700,0.954,20.266644,42.066251792774,-84.237963881224,
18.800,0.957,20.527618,42.066243861351,-84.237966086050,
18.900,0.960,20.589758,42.066236040736,-84.237969148955,
19.000,0.963,20.696632,42.066228367904,-84.237973171787,
19.100,0.967,20.883043,42.066220861816,-84.237978083487,
19.200,0.970,21.069454,42.066213472662,-84.237983601234,
19.300,0.973,21.255867,42.066206165439,-84.237989607336,
19.400,0.976,21.442278,42.066198897339,-84.237995960562,
19.500,0.979,21.583950,42.066191602971,-84.238002435633,
19.600,0.982,21.646088,42.066184198272,-84.238008777279,
19.700,0.985,21.708225,42.066176622795,-84.238014584574,
19.800,0.989,21.680883,42.066168845438,-84.238019613040,
19.900,0.992,21.539211,42.066160852924,-84.238023695602,
20.000,0.995,21.477076,42.066152629142,-84.238026651871,
20.100,0.998,21.392569,42.066144068169,-84.238027674519,
20.200,1.001,21.223555,42.066135428705,-84.238028060081,
20.300,1.004,21.109224,42.066126796225,-84.238028300044,
20.400,1.007,21.233498,42.066118198504,-84.238028592953,
20.500,1.010,21.290663,42.066109548223,-84.238028458516,
20.600,1.014,21.161419,42.066101123226,-84.238029106805,
20.700,1.017,20.912868,42.066092726073,-84.238029851835,
20.800,1.020,20.664322,42.066084328921,-84.238030596865,
20.900,1.023,20.438141,42.066075996902,-84.238031567571,
21.000,1.026,20.296469,42.066068064993,-84.238033924567,
21.100,1.029,20.211964,42.066060133084,-84.238036281564,
21.200,1.031,20.087688,42.066052201174,-84.238038638560,
21.300,1.034,20.075262,42.066044415346,-84.238041568717,
21.400,1.037,20.373520,42.066036901835,-84.238045570873,
21.500,1.040,20.803507,42.066029615688,-84.238050488833,
21.600,1.044,20.965063,42.066022508267,-84.238056095907,
21.700,1.047,20.861502,42.066015685393,-84.238062805828,
21.800,1.050,20.757938,42.066008907767,-84.238069774716,
21.900,1.053,20.669291,42.066001924366,-84.238076074741,
22.000,1.056,20.584785,42.065994738213,-84.238081540538,
22.100,1.059,20.415771,42.065987291950,-84.238085704650,
22.200,1.062,20.223148,42.065979628816,-84.238088471469,
22.300,1.065,20.129942,42.065971836425,-84.238089911587,
22.400,1.068,19.936073,42.065964008155,-84.238090151774,
22.500,1.070,19.731022,42.065956187839,-84.238089025719,
22.600,1.073,19.824226,42.065948434544,-84.238086792891,
22.700,1.076,19.839140,42.065940712405,-84.238083813901,
22.800,1.079,19.983299,42.065932956205,-84.238080259476,
22.900,1.082,20.649408,42.065925090784,-84.238076310668,
23.000,1.085,21.395054,42.065917007539,-84.238072188598,
23.100,1.089,22.185438,42.065908547322,-84.238068236082,
23.200,1.092,23.167206,42.065899705186,-84.238064615107,
23.300,1.096,24.235964,42.065890448443,-84.238061454500,
23.400,1.099,25.150621,42.065880755469,-84.238058864588,
23.500,1.103,26.122446,42.065870550688,-84.238057044980,
23.600,1.107,27.032133,42.065859857682,-84.238056099450,
23.700,1.111,27.902054,42.065848771320,-84.238055916104,
23.800,1.115,28.839081,42.065837306879,-84.238056503407,
23.900,1.120,29.850674,42.065825478658,-84.238057856680,
24.000,1.124,30.805099,42.065813248617,-84.238060044667,
24.100,1.129,31.844034,42.065800605792,-84.238062996708,
24.200,1.134,32.940132,42.065787610254,-84.238066499663,
24.300,1.139,34.018833,42.065774251702,-84.238070467193,
24.400,1.144,35.159672,42.065760516828,-84.238074809205,
24.500,1.149,36.340275,42.065746326374,-84.238079449389,
24.600,1.155,37.520882,42.065731642262,-84.238084228474,
24.700,1.160,38.701485,42.065716516207,-84.238089033044,
24.800,1.166,39.882092,42.065700934614,-84.238093801012,
24.900,1.172,41.062695,42.065684885251,-84.238098482966,
25.000,1.178,42.243301,42.065668277058,-84.238103030891,
25.100,1.185,43.423908,42.065651101024,-84.238107434965,
25.200,1.191,44.626881,42.065633437561,-84.238111759198,
25.300,1.198,45.847252,42.065615296210,-84.238116051770,
25.400,1.205,47.050228,42.065596688080,-84.238120368719,
25.500,1.212,48.270603,42.065577544971,-84.238124808333,
25.600,1.219,49.451206,42.065557898880,-84.238129488934,
25.700,1.227,50.654182,42.065537844803,-84.238134439763,
25.800,1.234,51.762711,42.065517416280,-84.238139694461,
25.900,1.242,52.654999,42.065496652233,-84.238145276418,
26.000,1.250,53.497578,42.065475554878,-84.238151252727,
26.100,1.258,54.091610,42.065454236274,-84.238157596608,
26.200,1.266,54.504196,42.065432813044,-84.238164228177,
26.300,1.274,54.675694,42.065411374809,-84.238171117398,
26.400,1.282,54.355068,42.065390013723,-84.238178232082,
26.500,1.289,53.728725,42.065368855325,-84.238185565775,
26.600,1.297,52.893604,42.065348078638,-84.238193059770,
26.700,1.305,51.787560,42.065327708204,-84.238200654501,
26.800,1.312,50.505051,42.065307809297,-84.238208315522,
26.900,1.319,49.128094,42.065288437125,-84.238216010340,
27.000,1.326,47.534897,42.065269712808,-84.238223713343,
27.100,1.333,46.026207,42.065251675592,-84.238231366359,
27.200,1.340,44.574684,42.065234219809,-84.238238949820,
27.300,1.346,43.083397,42.065217343603,-84.238246434718,
27.400,1.352,41.614475,42.065201042827,-84.238253787687,
27.500,1.358,40.162949,42.065185392333,-84.238260931621,
27.600,1.364,38.626923,42.065170404674,-84.238267775903,
27.700,1.369,36.988983,42.065155964402,-84.238274283588,
27.800,1.374,35.356022,42.065142065855,-84.238280388257,
27.900,1.379,33.780224,42.065128702068,-84.238286024161,
28.000,1.384,32.187027,42.065115932598,-84.238291027028,
28.100,1.388,30.700708,42.065103736085,-84.238295313196,
28.200,1.393,29.378431,42.065092015824,-84.238298985818,
28.300,1.397,28.068581,42.065080766475,-84.238302077409,
28.400,1.401,26.684166,42.065069989529,-84.238304645535,
28.500,1.404,25.356916,42.065059785226,-84.238306746981,
28.600,1.408,23.922792,42.065050204597,-84.238308643901,
28.700,1.411,22.346994,42.065041204428,-84.238310578058,
28.800,1.414,20.798536,42.065032819282,-84.238312735871,
28.900,1.417,19.369383,42.065025082285,-84.238315296053,
29.000,1.420,18.029707,42.065018144409,-84.238318524563,
29.100,1.422,16.983318,42.065012026426,-84.238322622644,
29.200,1.425,16.376860,42.065006603788,-84.238327503902,
29.300,1.427,16.128311,42.065001841174,-84.238333145787,
29.400,1.429,15.924501,42.064997690037,-84.238339500126,
29.500,1.432,15.889705,42.064994166384,-84.238346579038,
29.600,1.434,16.036348,42.064991092944,-84.238354175769,
29.700,1.436,16.222759,42.064988298769,-84.238362112443,
29.800,1.439,16.409172,42.064985653914,-84.238370291660,
29.900,1.441,16.573214,42.064983017353,-84.238378608450,
30.000,1.444,16.719858,42.064980203036,-84.238386924758,
30.100,1.446,16.995747,42.064977118488,-84.238395269221,
30.200,1.449,17.520184,42.064973410153,-84.238403255662,
30.300,1.451,18.114214,42.064969088724,-84.238410843407,
30.400,1.454,18.593912,42.064964230409,-84.238418067602,
30.500,1.457,19.197886,42.064958709584,-84.238424891633,
30.600,1.460,19.903763,42.064951979424,-84.238430851268,
30.700,1.463,20.627039,42.064945084355,-84.238436693030,
30.800,1.466,21.310547,42.064938189286,-84.238442534793,
30.900,1.469,22.038794,42.064931041489,-84.238448194286,
31.000,1.472,22.868946,42.064922202357,-84.238452633977,
31.100,1.476,23.716497,42.064913363226,-84.238457073668,
31.200,1.480,24.546648,42.064904524094,-84.238461513360,
31.300,1.483,25.371830,42.064895210554,-84.238465606650,
31.400,1.487,26.072737,42.064885069847,-84.238469092790,
31.500,1.491,26.671740,42.064874573562,-84.238472298051,
31.600,1.495,27.253342,42.064863573446,-84.238475131909,
31.700,1.499,27.941820,42.064852171041,-84.238477727224,
31.800,1.503,28.414063,42.064840698281,-84.238480229575,
31.900,1.507,28.245050,42.064829458145,-84.238482747007,
32.000,1.511,27.907024,42.064818403807,-84.238485175505,
32.100,1.515,27.208603,42.064807755705,-84.238487466544,
32.200,1.519,25.928577,42.064797500770,-84.238489556716,
32.300,1.523,24.474569,42.064787648591,-84.238491355843,
32.400,1.526,23.306391,42.064778197090,-84.238492773549,
32.500,1.529,22.028852,42.064769195411,-84.238493648703,
32.600,1.533,21.022230,42.064760584291,-84.238493839303,
32.700,1.535,20.303925,42.064752252577,-84.238493366694,
32.800,1.538,19.767061,42.064744174928,-84.238492186335,
32.900,1.541,19.493658,42.064736335294,-84.238490261506,
33.000,1.544,19.550823,42.064728764614,-84.238487428024,
33.100,1.547,19.421577,42.064721541748,-84.238483666864,
33.200,1.550,19.284878,42.064714677806,-84.238479141563,
33.300,1.553,19.145689,42.064708247059,-84.238473895435,
33.400,1.555,18.648594,42.064702327835,-84.238467985095,
33.500,1.558,18.106756,42.064697099350,-84.238461411315,
33.600,1.561,17.440647,42.064692681082,-84.238454338063,
33.700,1.563,16.650263,42.064689009484,-84.238446970108,
33.800,1.565,15.825082,42.064686104691,-84.238439420255,
33.900,1.567,15.034698,42.064683978118,-84.238431797853,
34.000,1.570,14.254256,42.064682766570,-84.238424223002,
34.100,1.572,13.677624,42.064682443319,-84.238416836598,
34.200,1.574,13.202895,42.064682839577,-84.238409652911,
34.300,1.575,12.969260,42.064683903329,-84.238402683566,
34.400,1.577,13.093534,42.064685572412,-84.238395922109,
34.500,1.579,13.284917,42.064687841408,-84.238389346688,
34.600,1.581,13.640341,42.064690538333,-84.238382847923,
34.700,1.583,14.075300,42.064693467770,-84.238376315355,
34.800,1.585,14.443152,42.064696510547,-84.238369671344,
34.900,1.588,14.714070,42.064699549048,-84.238362841267,
35.000,1.590,15.024755,42.064702438210,-84.238355699014,
35.100,1.592,15.313072,42.064705014421,-84.238348168563,
35.200,1.594,15.606359,42.064707239732,-84.238340275250,
35.300,1.597,15.956813,42.064709065359,-84.238332017574,
35.400,1.599,16.289867,42.064710455628,-84.238323404349,
35.500,1.601,16.662691,42.064711319912,-84.238314402687,
35.600,1.604,17.035513,42.064711676920,-84.238305080217,
35.700,1.607,17.430706,42.064711665138,-84.238295539435,
35.800,1.609,17.776188,42.064711361944,-84.238285833680,
35.900,1.612,17.940229,42.064710859843,-84.238276018969,
36.000,1.614,17.975027,42.064710287186,-84.238266156978,
36.100,1.617,17.850754,42.064709901501,-84.238256356926,
36.200,1.620,17.659370,42.064709837283,-84.238246681057,
36.300,1.622,17.348684,42.064710225345,-84.238237184285,
36.400,1.625,17.127476,42.064711184004,-84.238227929287,
36.500,1.627,17.110077,42.064712920818,-84.238219078962,
36.600,1.630,17.216953,42.064715584679,-84.238210593972,
36.700,1.632,17.492842,42.064719074245,-84.238202509679,
36.800,1.635,18.017281,42.064723403196,-84.238194860005,
36.900,1.638,18.767897,42.064728574756,-84.238187659747,
37.000,1.641,19.704924,42.064734703455,-84.238180977119,
37.100,1.644,20.828363,42.064741734722,-84.238174755205,
37.200,1.647,22.071106,42.064749484031,-84.238168855524,
37.300,1.650,23.380957,42.064757903241,-84.238163194949,
37.400,1.654,24.765373,42.064766945695,-84.238157682878,
37.500,1.658,26.092621,42.064776656929,-84.238152213463,
37.600,1.662,27.482008,42.064786977443,-84.238146615588,
37.700,1.666,28.911160,42.064797804484,-84.238140816207,
37.800,1.670,30.362682,42.064809131157,-84.238134755250,
37.900,1.675,31.853973,42.064820955704,-84.238128383178,
38.000,1.680,33.345264,42.064833372389,-84.238121600525,
38.100,1.685,34.836555,42.064846374253,-84.238114405715,
38.200,1.690,36.305477,42.064859885516,-84.238106861357,
38.300,1.696,37.712261,42.064873890986,-84.238098983568,
38.400,1.702,39.056911,42.064888372955,-84.238090795265,
38.500,1.708,40.339420,42.064903407612,-84.238082289476,
38.600,1.714,41.537426,42.064918939116,-84.238073552793,
38.700,1.720,42.633522,42.064934877425,-84.238064684006,
38.800,1.726,43.578011,42.064951189210,-84.238055752871,
38.900,1.733,44.346024,42.064967834429,-84.238046832152,
39.000,1.739,45.019588,42.064984806539,-84.238038019388,
39.100,1.746,45.253223,42.065001976017,-84.238029462610,
39.200,1.753,45.128948,42.065019223963,-84.238021204978,
39.300,1.759,44.825718,42.065036459548,-84.238013308614,
39.400,1.766,44.070133,42.065053591703,-84.238005835539,
39.500,1.772,43.053570,42.065070494559,-84.237998952236,
39.600,1.778,41.930130,42.065087051718,-84.237992690230,
39.700,1.784,40.508434,42.065103245988,-84.237987097215,
39.800,1.790,38.969917,42.065119047222,-84.237982253825,
39.900,1.795,37.811680,42.065134441495,-84.237978218520,
40.000,1.801,36.693214,42.065149377177,-84.237975158290,
40.100,1.806,35.597115,42.065163793725,-84.237973465945,
40.200,1.811,34.540783,42.065177919544,-84.237972786761,
40.300,1.816,33.596298,42.065191808762,-84.237972759424,
40.400,1.821,32.895390,42.065205475237,-84.237973130626,
40.500,1.825,32.318760,42.065218831281,-84.237974474640,
40.600,1.830,31.844032,42.065231731574,-84.237976214022,
40.700,1.835,31.409073,42.065244563767,-84.237978012482,
40.800,1.839,30.974113,42.065257395959,-84.237979810943,
40.900,1.844,30.561522,42.065270136590,-84.237981631205,
41.000,1.848,30.211067,42.065282205779,-84.237983611343,
41.100,1.852,29.878014,42.065294274968,-84.237985591481,
41.200,1.857,29.527561,42.065306344157,-84.237987571619,
41.300,1.861,29.127398,42.065318240375,-84.237989415982,
41.400,1.865,28.657640,42.065329815766,-84.237990884844,
41.500,1.869,28.302217,42.065341198220,-84.237991295399,
41.600,1.873,27.867258,42.065352375747,-84.237991339583,
41.700,1.877,27.544144,42.065363406414,-84.237990481029,
41.800,1.882,27.442238,42.065374211450,-84.237988205875,
41.900,1.886,27.357733,42.065384706431,-84.237984205219,
42.000,1.890,27.322935,42.065394855435,-84.237978749535,
42.100,1.894,27.447208,42.065404672655,-84.237971937396,
42.200,1.898,27.616222,42.065414224441,-84.237964246645,
42.300,1.902,27.887140,42.065423566556,-84.237955830893,
42.400,1.906,28.197826,42.065432763280,-84.237946813655,
42.500,1.910,28.508512,42.065441859905,-84.237937265425,
42.600,1.914,28.796827,42.065450975134,-84.237927462117,
42.700,1.918,29.023008,42.065460177524,-84.237917619971,
42.800,1.923,29.164680,42.065469524007,-84.237907892955,
42.900,1.927,29.226816,42.065479066889,-84.237898437800,
43.000,1.931,29.244217,42.065488896572,-84.237889533169,
43.100,1.936,29.137339,42.065499063533,-84.237881476751,
43.200,1.940,28.973297,42.065509520241,-84.237874330982,
43.300,1.944,28.849022,42.065520257049,-84.237868229742,
43.400,1.948,28.702379,42.065531256565,-84.237863294623,
43.500,1.952,28.560707,42.065542516906,-84.237859867771,
43.600,1.957,28.509754,42.065553968742,-84.237858030274,
43.700,1.961,28.478685,42.065565547277,-84.237857553832,
43.800,1.965,28.637756,42.065577230248,-84.237858385604,
43.900,1.969,29.112484,42.065589002429,-84.237860436125,
44.000,1.974,29.592182,42.065600875439,-84.237863687779,
44.100,1.978,30.173786,42.065612881951,-84.237867718017,
44.200,1.982,30.839897,42.065625027715,-84.237872080079,
44.300,1.987,31.473696,42.065637341405,-84.237876461990,
44.400,1.992,31.931025,42.065649849984,-84.237880553268,
44.500,1.997,32.405754,42.065662603989,-84.237883914494,
44.600,2.001,32.795975,42.065675607473,-84.237886135805,
44.700,2.006,33.129028,42.065688814784,-84.237887234014,
44.800,2.011,33.546589,42.065702210627,-84.237887155127,
44.900,2.016,34.043686,42.065715779969,-84.237885890810,
45.000,2.021,34.585522,42.065729542122,-84.237883339579,
45.100,2.026,35.251633,42.065743499822,-84.237879750526,
45.200,2.032,35.930168,42.065757649935,-84.237875478359,
45.300,2.037,36.601250,42.065772029177,-84.237870696266,
45.400,2.042,37.471169,42.065786679490,-84.237865571220,
45.500,2.048,38.385830,42.065801705578,-84.237860257274,
45.600,2.054,39.402390,42.065817190106,-84.237854920554,
45.700,2.060,40.525829,42.065833110432,-84.237849629272,
45.800,2.066,41.746204,42.065849489608,-84.237844396891,
45.900,2.072,42.993916,42.065866345359,-84.237839216797,
46.000,2.079,44.316193,42.065883777499,-84.237834058458,
46.100,2.085,45.558937,42.065901757873,-84.237828849919,
46.200,2.092,46.801678,42.065920208783,-84.237823531109,
46.300,2.099,47.999683,42.065939113195,-84.237818062741,
46.400,2.106,49.140522,42.065958451523,-84.237812409332,
46.500,2.114,50.276390,42.065978283342,-84.237806479891,
46.600,2.121,51.310349,42.065998553588,-84.237800257471,
46.700,2.129,52.349281,42.066019154098,-84.237793777495,
46.800,2.137,53.221687,42.066040025569,-84.237787053186,
46.900,2.145,53.701385,42.066061096458,-84.237780107096,
47.000,2.153,53.958633,42.066082272544,-84.237772949425,
47.100,2.160,53.679016,42.066103330888,-84.237765664166,
47.200,2.168,53.164520,42.066124141772,-84.237758329455,
47.300,2.176,52.098248,42.066144568800,-84.237750992947,
47.400,2.183,50.502567,42.066164483491,-84.237743697928,
47.500,2.190,48.434643,42.066183674877,-84.237736497037,
47.600,2.197,46.513363,42.066202032140,-84.237729413879,
47.700,2.204,44.532433,42.066219665155,-84.237722423310,
47.800,2.210,42.501793,42.066236593971,-84.237715503641,
47.900,2.216,41.037842,42.066252850823,-84.237708625909,
48.000,2.222,39.732964,42.066268384077,-84.237701744359,
48.100,2.227,38.517559,42.066283289504,-84.237694781407,
48.200,2.233,37.550705,42.066297691196,-84.237687703654,
48.300,2.238,36.631077,42.066311600264,-84.237680481025,
48.400,2.243,35.534977,42.066325020619,-84.237673088365,
48.500,2.248,34.501015,42.066337871115,-84.237665472335,
48.600,2.253,33.484451,42.066350134845,-84.237657643711,
48.700,2.258,32.405750,42.066361900255,-84.237649630979,
48.800,2.263,31.376760,42.066373185412,-84.237641448590,
48.900,2.267,30.484472,42.066384014330,-84.237633110621,
49.000,2.272,29.641893,42.066394351504,-84.237624584282,
49.100,2.276,29.070230,42.066404303229,-84.237615886027,
49.200,2.280,28.786886,42.066413968712,-84.237607039222,
49.300,2.284,28.573133,42.066423387424,-84.237598052026,
49.400,2.288,28.267420,42.066432595290,-84.237588944798,
49.500,2.292,28.013899,42.066441588397,-84.237579770047,
49.600,2.296,27.573969,42.066450401385,-84.237570617677,
49.700,2.300,27.037104,42.066459075193,-84.237561656676,
49.800,2.304,26.405790,42.066467623476,-84.237553053740,
49.900,2.308,25.468763,42.066476057751,-84.237544975846,
50.000,2.312,24.390064,42.066484364163,-84.237537716235,
50.100,2.315,23.271595,42.066492571305,-84.237531691188,
50.200,2.318,22.175495,42.066500672102,-84.237526965743,
50.300,2.321,21.253382,42.066508661684,-84.237523241552,
50.400,2.324,20.547503,42.066516538873,-84.237520235251,
50.500,2.327,19.891335,42.066524280204,-84.237518525414,
50.600,2.330,19.483715,42.066531774939,-84.237517972716,
50.700,2.333,19.235167,42.066539232826,-84.237517592923,
50.800,2.336,19.008989,42.066546690713,-84.237517213130,
50.900,2.339,18.800207,42.066554098811,-84.237517011300,
51.000,2.341,18.529289,42.066561141787,-84.237518114528,
51.100,2.344,18.240973,42.066568184762,-84.237519217757,
51.200,2.347,17.970055,42.066575227738,-84.237520320985,
51.300,2.349,17.659370,42.066582177722,-84.237521614741,
51.400,2.352,17.348684,42.066588955555,-84.237523144933,
51.500,2.354,17.037998,42.066595632071,-84.237524029979,
51.600,2.357,16.749683,42.066602199260,-84.237524941411,
51.700,2.359,16.612982,42.066608697574,-84.237525274146,
51.800,2.361,16.630381,42.066615084679,-84.237524563291,
51.900,2.364,16.568243,42.066621313904,-84.237522548283,
52.000,2.366,16.550844,42.066627371868,-84.237519541332,
52.100,2.369,16.680090,42.066633289662,-84.237515629317,
52.200,2.371,16.906269,42.066639134264,-84.237511242075,
52.300,2.374,17.159788,42.066644979090,-84.237506533071,
52.400,2.376,17.577349,42.066650899621,-84.237501632288,
52.500,2.379,18.074446,42.066656972692,-84.237496740869,
52.600,2.382,18.571543,42.066663425228,-84.237492036243,
52.700,2.385,19.135748,42.066670237148,-84.237487703879,
52.800,2.387,19.752148,42.066677437968,-84.237483873738,
52.900,2.390,20.338722,42.066685054058,-84.237480660074,
53.000,2.393,21.084368,42.066693173050,-84.237478354160,
53.100,2.397,21.830013,42.066701753194,-84.237477064333,
53.200,2.400,22.598030,42.066710712819,-84.237476678072,
53.300,2.403,23.450550,42.066720032805,-84.237477170570,
53.400,2.407,24.382607,42.066729693947,-84.237478480974,
53.500,2.411,25.314663,42.066739731416,-84.237480557279,
53.600,2.415,26.224352,42.066750124233,-84.237483019447,
53.700,2.419,27.094271,42.066760807078,-84.237485525981,
53.800,2.423,27.829973,42.066771766440,-84.237487811213,
53.900,2.427,28.349440,42.066782988834,-84.237489615898,
54.000,2.431,28.908674,42.066794497179,-84.237490546033,
54.100,2.435,29.490280,42.066806233808,-84.237490359997,
54.200,2.440,30.066912,42.066818165821,-84.237489139124,
54.300,2.444,30.698223,42.066830286840,-84.237486901038,
54.400,2.449,31.545773,42.066842595974,-84.237483698183,
54.500,2.454,32.375927,42.066855163528,-84.237479475293,
54.600,2.458,33.290585,42.066868021399,-84.237474506760,
54.700,2.463,34.329517,42.066881155790,-84.237469023593,
54.800,2.469,35.313770,42.066894573319,-84.237463130602,
54.900,2.474,36.126522,42.066908268142,-84.237456926172,
55.000,2.479,36.924366,42.066922242231,-84.237450480344,
55.100,2.485,37.327011,42.066936358611,-84.237443920259,
55.200,2.490,37.428917,42.066950493234,-84.237437359716,
55.300,2.496,37.200253,42.066964533850,-84.237430899373,
55.400,2.501,36.230915,42.066978366954,-84.237424646455,
55.500,2.506,34.819157,42.066991828041,-84.237418797339,
55.600,2.511,33.283127,42.067004792172,-84.237413593238,
55.700,2.516,31.466240,42.067017298995,-84.237409070222,
55.800,2.520,29.604610,42.067029353063,-84.237405331052,
55.900,2.524,28.277361,42.067040973437,-84.237402467064,
56.000,2.528,26.999823,42.067052135665,-84.237400707167,
56.100,2.532,26.060308,42.067062953629,-84.237400035783,
56.200,2.536,25.640261,42.067073510387,-84.237400299580,
56.300,2.539,25.421539,42.067083824972,-84.237401464127,
56.400,2.543,25.036289,42.067093905366,-84.237403487459,
56.500,2.547,24.827509,42.067103687589,-84.237406473455,
56.600,2.550,24.467113,42.067113113195,-84.237410294203,
56.700,2.554,23.885509,42.067122194316,-84.237414776608,
56.800,2.557,23.308876,42.067130908297,-84.237419849574,
56.900,2.560,22.722301,42.067139242412,-84.237425432729,
57.000,2.564,22.043764,42.067147149872,-84.237431484311,
57.100,2.567,21.551640,42.067154741472,-84.237437746943,
57.200,2.570,21.156448,42.067162142702,-84.237444032854,
57.300,2.573,20.788597,42.067169445553,-84.237450177865,
57.400,2.576,20.607155,42.067176744878,-84.237456014790,
57.500,2.579,20.545019,42.067184152922,-84.237461283835,
57.600,2.582,20.482880,42.067191780367,-84.237465738274,
57.700,2.585,20.599699,42.067199633918,-84.237469372980,
57.800,2.588,20.900444,42.067207719188,-84.237472102059,
57.900,2.591,21.074427,42.067216028603,-84.237473852586,
58.000,2.594,21.447248,42.067224569414,-84.237474393184,
58.100,2.598,21.820072,42.067233257815,-84.237473724833,
58.200,2.601,22.192894,42.067242018830,-84.237472017049,
58.300,2.604,22.588087,42.067250808908,-84.237469288686,
58.400,2.607,23.023046,42.067259585485,-84.237465562071,
58.500,2.611,23.458006,42.067268281632,-84.237460689561,
58.600,2.614,23.915337,42.067276846278,-84.237454764558,
58.700,2.618,24.390062,42.067285261216,-84.237447948719,
58.800,2.622,24.847393,42.067293506075,-84.237440275994,
58.900,2.625,25.366858,42.067301565932,-84.237431783242,
59.000,2.629,25.903725,42.067309395463,-84.237422364371,
59.100,2.633,26.445559,42.067317014101,-84.237412161505,
59.200,2.637,27.066931,42.067324468033,-84.237401366952,
59.300,2.641,27.576454,42.067331782783,-84.237390095955,
59.400,2.645,27.864771,42.067338987930,-84.237378479527,
59.500,2.649,28.001474,42.067346109276,-84.237366653743,
59.600,2.653,27.805119,42.067353205168,-84.237354892781,
59.700,2.657,27.258312,42.067360320509,-84.237343388078,
59.800,2.661,26.579777,42.067367501219,-84.237332311812,
59.900,2.665,25.908693,42.067374797774,-84.237321826809,
60.000,2.669,25.105883,42.067382308292,-84.237312222695,
60.100,2.672,24.556591,42.067390099078,-84.237303779202,
60.200,2.676,24.335382,42.067398301266,-84.237296586407,
60.300,2.679,24.273247,42.067406872733,-84.237290401595,
60.400,2.683,24.322954,42.067415739886,-84.237284962766,
60.500,2.687,24.616243,42.067425051528,-84.237280825129,
60.600,2.690,25.033804,42.067434947383,-84.237277971972,
60.700,2.694,25.530899,42.067444938342,-84.237275327915,
60.800,2.698,26.027998,42.067454929301,-84.237272683859,
60.900,2.702,26.502726,42.067465017834,-84.237270230959,
61.000,2.706,26.960056,42.067475895820,-84.237269324687,
61.100,2.710,27.434782,42.067486773806,-84.237268418414,
61.200,2.714,27.869741,42.067497651791,-84.237267512142,
61.300,2.718,28.192854,42.067508706004,-84.237266864781,
61.400,2.722,28.294760,42.067520071334,-84.237266601123,
61.500,2.726,28.312159,42.067531419067,-84.237265717846,
61.600,2.730,28.250021,42.067542921027,-84.237264919583,
61.700,2.734,28.254993,42.067554421485,-84.237263580519,
61.800,2.739,28.356897,42.067565727264,-84.237261085342,
61.900,2.743,28.374296,42.067576688653,-84.237257022896,
62.000,2.747,28.345713,42.067587419121,-84.237251808572,
62.100,2.751,28.376781,42.067597931886,-84.237245655050,
62.200,2.755,28.374296,42.067608344880,-84.237239132444,
62.300,2.759,28.267420,42.067618719858,-84.237232547730,
62.400,2.763,28.103378,42.067629108346,-84.237226174819,
62.500,2.767,27.934366,42.067639561371,-84.237220420820,
62.600,2.772,27.618708,42.067650102247,-84.237215648308,
62.700,2.776,27.250856,42.067660706105,-84.237211898258,
62.800,2.779,26.912830,42.067671329982,-84.237209223171,
62.900,2.783,26.370993,42.067681919370,-84.237207624305,
63.000,2.787,25.749622,42.067692389449,-84.237207204379,
63.100,2.791,25.128250,42.067702620202,-84.237207630869,
63.200,2.794,24.395033,42.067712572060,-84.237208524836,
63.300,2.798,23.440607,42.067722193686,-84.237209634169,
63.400,2.801,22.401674,42.067731439371,-84.237210703345,
63.500,2.804,21.283207,42.067740186839,-84.237211381681,
63.600,2.807,20.209478,42.067748430934,-84.237211371126,
63.700,2.810,19.260021,42.067756230872,-84.237210629892,
63.800,2.813,18.479580,42.067763597372,-84.237209114112,
63.900,2.815,17.880577,42.067770547867,-84.237206814249,
64.000,2.818,17.366083,42.067777036033,-84.237203623204,
64.100,2.820,16.998230,42.067783139820,-84.237199717887,
64.200,2.823,16.772053,42.067788957516,-84.237195315531,
64.300,2.825,16.608011,42.067794538603,-84.237190531611,
64.400,2.828,16.461367,42.067799937483,-84.237185487597,
64.500,2.830,16.297325,42.067805209956,-84.237180325945,
64.600,2.832,16.195419,42.067810486894,-84.237175254886,
64.700,2.835,16.133282,42.067815849659,-84.237170401652,
64.800,2.837,16.160622,42.067821372781,-84.237165866251,
64.900,2.840,16.436512,42.067827127853,-84.237161742730,
65.000,2.842,16.871471,42.067833235680,-84.237158247565,
65.100,2.845,17.328800,42.067839756160,-84.237155476577,
65.200,2.847,17.960114,42.067846648536,-84.237153398156,
65.300,2.850,18.740557,42.067853907118,-84.237152044686,
65.400,2.853,19.406666,42.067861517213,-84.237151428782,
65.500,2.856,20.129942,42.067869506141,-84.237151637743,
65.600,2.859,20.791082,42.067877792077,-84.237152501212,
65.700,2.862,21.412453,42.067886291161,-84.237153757893,
65.800,2.865,21.921978,42.067894963591,-84.237155215668,
65.900,2.868,22.187925,42.067903769074,-84.237156666233,
66.000,2.872,22.329597,42.067912673218,-84.237157802162,
66.100,2.875,22.380548,42.067921603305,-84.237158262919,
66.200,2.878,22.411617,42.067930503090,-84.237157953476,
66.300,2.881,22.409132,42.067939326035,-84.237156762715,
66.400,2.885,22.374956,42.067948024625,-84.237154606074,
66.500,2.888,22.390491,42.067956504804,-84.237151239210,
66.600,2.891,22.406025,42.067964692130,-84.237146733021,
66.700,2.895,22.421558,42.067972578316,-84.237141288851,
66.800,2.898,22.453871,42.067980133324,-84.237134977554,
66.900,2.901,22.482454,42.067987335719,-84.237127885024,
67.000,2.904,22.451385,42.067994117842,-84.237120023968,
67.100,2.908,22.364393,42.068000525696,-84.237111655962,
67.200,2.911,22.066133,42.068006673294,-84.237103015823,
67.300,2.914,21.703253,42.068012634386,-84.237094264615,
67.400,2.917,21.489502,42.068018493089,-84.237085562790,
67.500,2.920,21.139050,42.068024372968,-84.237077114442,
67.600,2.923,20.917841,42.068030457326,-84.237069155326,
67.700,2.926,20.967552,42.068036814801,-84.237061735367,
67.800,2.930,21.104252,42.068043510647,-84.237054946784,
67.900,2.933,21.198702,42.068050594845,-84.237048878047,
68.000,2.936,21.549154,42.068058159618,-84.237043777687,
68.100,2.939,21.770361,42.068066149023,-84.237039749657,
68.200,2.942,21.877239,42.068074452014,-84.237036745243,
68.300,2.945,22.018911,42.068083007165,-84.237034834057,
68.400,2.949,22.125786,42.068091741056,-84.237034077346,
68.500,2.952,22.334566,42.068100542227,-84.237034744602,
68.600,2.955,22.605486,42.068109435483,-84.237036791215,
68.700,2.959,22.916170,42.068118328960,-84.237039984349,
68.800,2.962,23.293964,42.068127193243,-84.237044217050,
68.900,2.966,23.791061,42.068136017926,-84.237049352111,
69.000,2.969,24.221050,42.068144795568,-84.237055295965,
69.100,2.973,24.442257,42.068153539667,-84.237061571870,
69.200,2.976,24.381365,42.068162262584,-84.237067849348,
69.300,2.980,24.101748,42.068170963315,-84.237073869449,
69.400,2.983,23.631990,42.068179635566,-84.237079381513,
69.500,2.987,22.824207,42.068188252287,-84.237083987735,
69.600,2.990,22.016426,42.068196782897,-84.237087515317,
69.700,2.993,21.186274,42.068205183750,-84.237089944163,
69.800,2.996,20.383461,42.068213406052,-84.237091223212,
69.900,2.999,19.767061,42.068221402977,-84.237091349385,
70.000,3.002,19.292334,42.068229079326,-84.237090195725,
70.100,3.004,18.857374,42.068236301442,-84.237087610251,
70.200,3.007,18.332935,42.068243087764,-84.237084191842,
70.300,3.010,17.861937,42.068249560060,-84.237080203315,
70.400,3.012,17.768730,42.068255841012,-84.237075778800,
70.500,3.015,17.686710,42.068261685816,-84.237070493736,
70.600,3.018,17.736420,42.068267287137,-84.237064501338,
70.700,3.020,17.962599,42.068272845489,-84.237058384116,
70.800,3.023,18.171379,42.068278403842,-84.237052266894,
70.900,3.025,18.397558,42.068283940392,-84.237046050279,
71.000,3.028,18.606340,42.068289280715,-84.237038939133,
71.100,3.031,18.854889,42.068294621039,-84.237031827987,
71.200,3.034,19.081068,42.068299961362,-84.237024716840,
71.300,3.037,19.289848,42.068305320211,-84.237017456448,
71.400,3.039,19.538397,42.068310758817,-84.237009961251,
71.500,3.042,19.786945,42.068316605602,-84.237002847337,
71.600,3.045,20.057863,42.068322562566,-84.236995687883,
71.700,3.048,20.525135,42.068328858511,-84.236988708218,
71.800,3.051,21.091824,42.068335710470,-84.236982477354,
71.900,3.055,21.407482,42.068343265286,-84.236977538975,
72.000,3.058,21.820072,42.068351412991,-84.236973810160,
72.100,3.061,22.215263,42.068360088233,-84.236971406506,
72.200,3.064,22.650225,42.068369128670,-84.236970064962,
72.300,3.068,23.174662,42.068378485458,-84.236969669647,
72.400,3.071,23.880539,42.068388125652,-84.236970081352,
72.500,3.075,24.559076,42.068398060890,-84.236971169846,
72.600,3.078,25.073570,42.068408216865,-84.236972417879,
72.700,3.082,25.553268,42.068418488922,-84.236973462464,
72.800,3.086,25.821703,42.068428801566,-84.236974024221,
72.900,3.090,25.640261,42.068439070010,-84.236973847140,
73.000,3.093,25.443909,42.068449121671,-84.236972509927,
73.100,3.097,24.852364,42.068458742584,-84.236969945645,
73.200,3.101,23.848228,42.068467885240,-84.236966371208,
73.300,3.104,22.739702,42.068476475872,-84.236961937855,
73.400,3.107,21.623718,42.068484459284,-84.236956843374,
73.500,3.110,20.115028,42.068491722260,-84.236951311798,
73.600,3.113,18.797722,42.068498401560,-84.236945841143,
73.700,3.115,17.522669,42.068504660965,-84.236940677112,
73.800,3.118,16.192934,42.068510598119,-84.236936000018,
73.900,3.120,15.350354,42.068516313218,-84.236931961221,
74.000,3.122,14.733954,42.068521884933,-84.236928825160,
74.100,3.124,14.259227,42.068527415196,-84.236926568386,
74.200,3.126,13.936113,42.068532945878,-84.236925066908,
74.300,3.128,13.811840,42.068538484002,-84.236924290896,
74.400,3.130,13.743488,42.068544025899,-84.236924203732,
74.500,3.132,13.774557,42.068549563504,-84.236924877678,
74.600,3.134,13.839180,42.068555075451,-84.236926262943,
74.700,3.136,14.008192,42.068560547847,-84.236928253233,
74.800,3.138,14.279111,42.068565973727,-84.236930856648,
74.900,3.141,14.612166,42.068571348014,-84.236934089204,
75.000,3.143,15.029727,42.068576645223,-84.236938079034,
75.100,3.145,15.571563,42.068581863446,-84.236942805959,
75.200,3.147,16.215303,42.068587007245,-84.236948195629,
75.300,3.150,16.943552,42.068592070323,-84.236954255789,
75.400,3.153,17.751333,42.068597046874,-84.236960993939,
75.500,3.155,18.581484,42.068601919898,-84.236968562702,
75.600,3.158,19.473774,42.068606682272,-84.236976916012,
75.700,3.161,20.428200,42.068611341321,-84.236985962007,
75.800,3.164,21.355288,42.068615883990,-84.236995687359,
75.900,3.168,22.185438,42.068620292549,-84.237006073708,
76.000,3.171,23.010620,42.068624505594,-84.237017229808,
76.100,3.174,23.756264,42.068628461229,-84.237029048294,
76.200,3.178,24.501909,42.068632138644,-84.237041414288,
76.232,3.179,24.740515,42.068633265753,-84.237045463271,
